created_at,source,sql_text,status,row_count,error,duration_ms
2026-10-05T01:55:07+00:00,chat,"SELECT COALESCE(SUM(amount), 0) AS amount FROM kpis WHERE asset_id = :asset_id AND metric = :metric AND time_view = :time_view AND scenario = :scenario",ok,1,,2.5
2026-10-05T01:55:07+00:00,chat,"SELECT (SELECT SUM(amount) FROM kpis WHERE metric = 'Net Income' AND time_view = 'Annual' AND scenario = 'Forecast') AS ni_f, (SELECT SUM(amount) FROM kpis WHERE metric = 'Net Income' AND time_view = 'Annual' AND scenario = 'Budget') AS ni_b, (SELECT SUM(amount) FROM bs_by_region WHERE category = 'Equity' AND scenario = 'Annual Forecast') AS eq_f, (SELECT SUM(amount) FROM bs_by_region WHERE category = 'Equity' AND scenario = 'Annual Budget') AS eq_b",ok,1,,1.6
2026-10-05T01:55:07+00:00,chat,"SELECT h.asset_id, h.country, h.sector, SUM(CASE WHEN time_view = 'YTD' AND scenario = 'Actual' THEN amount END) AS ytd_actual, SUM(CASE WHEN time_view = 'YTD' AND scenario = 'Budget' THEN amount END) AS ytd_budget, SUM(CASE WHEN time_view = 'Annual' AND scenario = 'Forecast' THEN amount END) AS annual_forecast, SUM(CASE WHEN time_view = 'Annual' AND scenario = 'Budget' THEN amount END) AS annual_budget FROM kpis k JOIN hierarchy h ON h.asset_id = k.asset_id WHERE k.metric = 'Net Income' GROUP BY h.asset_id, h.country, h.sector HAVING ytd_actual < ytd_budget AND annual_forecast < annual_budget ORDER BY (annual_forecast - annual_budget)",ok,3,,1.8
2026-10-05T01:55:07+00:00,chat,"SELECT metric, SUM(CASE WHEN scenario = 'Forecast' THEN amount END) AS forecast, SUM(CASE WHEN scenario = 'Budget' THEN amount END) AS budget FROM kpis WHERE time_view = 'Annual' GROUP BY metric ORDER BY (forecast - budget) ASC LIMIT 1",ok,1,,1.7
2026-10-05T01:55:07+00:00,chat,"SELECT COALESCE(SUM(bridge), 0) AS amount FROM equity_bridge WHERE scenario = :scenario AND attribution_category = :category",ok,1,,1.9
2026-10-05T01:55:07+00:00,chat,"SELECT COALESCE(SUM(bridge), 0) AS amount FROM equity_bridge WHERE scenario = :scenario AND attribution_category = :category AND region = :region",ok,1,,1.8
2026-10-05T01:55:08+00:00,chat,"SELECT (SELECT SUM(amount) FROM kpis WHERE metric = 'Net Income' AND time_view = 'Annual' AND scenario = 'Forecast' AND asset_id IN (SELECT asset_id FROM hierarchy WHERE country = :country)) AS ni_f, (SELECT SUM(amount) FROM kpis WHERE metric = 'Net Income' AND time_view = 'Annual' AND scenario = 'Budget' AND asset_id IN (SELECT asset_id FROM hierarchy WHERE country = :country)) AS ni_b, (SELECT SUM(amount) FROM bs_by_region WHERE category = 'Equity' AND scenario = 'Annual Forecast' AND asset_id IN (SELECT asset_id FROM hierarchy WHERE country = :country)) AS eq_f, (SELECT SUM(amount) FROM bs_by_region WHERE category = 'Equity' AND scenario = 'Annual Budget' AND asset_id IN (SELECT asset_id FROM hierarchy WHERE country = :country)) AS eq_b",ok,1,,1.7
2026-10-05T01:55:08+00:00,sql_tab,"SELECT asset_id, region FROM hierarchy ORDER BY asset_id",ok,6,,2.0
2026-10-05T01:55:08+00:00,sql_tab,DROP TABLE hierarchy,error,,Only a SELECT query is allowed.,0.0
2026-10-05T01:59:03+00:00,sql_tab,,error,,Enter a SELECT query.,0.0
2026-10-05T01:59:27+00:00,sql_tab,,error,,Enter a SELECT query.,0.0
2026-10-05T01:59:40+00:00,sql_tab,,error,,Enter a SELECT query.,0.0
2026-10-05T02:00:06+00:00,sql_tab,,error,,Enter a SELECT query.,0.0
2026-10-05T02:07:32+00:00,chat,"SELECT COALESCE(SUM(amount), 0) AS amount FROM kpis WHERE metric = :metric AND time_view = :time_view AND scenario = :scenario AND asset_id IN (SELECT asset_id FROM hierarchy WHERE country = :country)",ok,1,,2.3
2026-10-05T02:07:32+00:00,chat,"SELECT COALESCE(SUM(amount), 0) AS amount FROM bs_by_region WHERE asset_id = :asset_id AND category = :category AND scenario = :scenario",ok,1,,1.6
2026-10-05T02:07:32+00:00,chat,"SELECT h.asset_id, (SELECT SUM(amount) FROM kpis WHERE asset_id = h.asset_id AND metric = 'Net Income' AND time_view = 'Annual' AND scenario = 'Forecast') AS ni_f, (SELECT SUM(amount) FROM bs_by_region WHERE asset_id = h.asset_id AND category = 'Equity' AND scenario = 'Annual Forecast') AS eq_f FROM hierarchy h ORDER BY h.asset_id",ok,6,,1.7
2026-10-05T02:07:32+00:00,chat,"SELECT h.asset_id, (SELECT SUM(amount) FROM kpis WHERE asset_id = h.asset_id AND metric = 'Net Income' AND time_view = 'Annual' AND scenario = 'Forecast') AS ni_f, (SELECT SUM(amount) FROM bs_by_region WHERE asset_id = h.asset_id AND category = 'Equity' AND scenario = 'Annual Forecast') AS eq_f FROM hierarchy h ORDER BY h.asset_id",ok,6,,1.6
2026-10-05T02:07:32+00:00,chat,"SELECT COALESCE(SUM(amount), 0) AS amount FROM kpis WHERE asset_id = :asset_id AND metric = :metric AND time_view = :time_view AND scenario = :scenario",ok,1,,1.4
2026-10-05T02:07:32+00:00,chat,"SELECT COALESCE(SUM(bridge), 0) AS amount FROM equity_bridge WHERE scenario = :scenario AND attribution_category = :category",ok,1,,1.5
2026-10-05T02:14:18+00:00,chat,"WITH scoped AS (SELECT asset_id, region, country, sector FROM hierarchy WHERE 1 = 1 AND asset_id = :asset_id), lines AS (SELECT SUM(amount) AS amount FROM kpis WHERE metric = :metric AND time_view = :time_view AND scenario = :scenario AND asset_id IN (SELECT asset_id FROM scoped)) SELECT amount FROM lines",ok,1,,2.3
2026-10-05T02:14:18+00:00,chat,"WITH scoped AS (SELECT asset_id, region, country, sector FROM hierarchy WHERE 1 = 1 AND country = :country), lines AS (SELECT SUM(amount) AS amount FROM kpis WHERE metric = :metric AND time_view = :time_view AND scenario = :scenario AND asset_id IN (SELECT asset_id FROM scoped)) SELECT amount FROM lines",ok,1,,2.0
2026-10-05T02:14:18+00:00,chat,"WITH scoped AS (SELECT asset_id, region, country, sector FROM hierarchy WHERE 1 = 1 AND region = :region), ni AS (SELECT asset_id, SUM(CASE WHEN time_view = 'Annual' AND scenario = 'Forecast' THEN amount END) AS ni_f, SUM(CASE WHEN time_view = 'Annual' AND scenario = 'Budget' THEN amount END) AS ni_b FROM kpis WHERE metric = 'Net Income' AND asset_id IN (SELECT asset_id FROM scoped) GROUP BY asset_id), eq AS (SELECT asset_id, SUM(CASE WHEN scenario = 'Annual Forecast' THEN amount END) AS eq_f, SUM(CASE WHEN scenario = 'Annual Budget' THEN amount END) AS eq_b FROM bs_by_region WHERE category = 'Equity' AND asset_id IN (SELECT asset_id FROM scoped) GROUP BY asset_id) SELECT s.asset_id, s.region, s.country, s.sector, ni.ni_f, ni.ni_b, eq.eq_f, eq.eq_b FROM scoped s LEFT JOIN ni ON ni.asset_id = s.asset_id LEFT JOIN eq ON eq.asset_id = s.asset_id ORDER BY s.asset_id",ok,1,,2.6
2026-10-05T02:14:18+00:00,chat,"WITH scoped AS (SELECT asset_id, region, country, sector FROM hierarchy WHERE 1 = 1), ni AS (SELECT asset_id, SUM(CASE WHEN time_view = 'Annual' AND scenario = 'Forecast' THEN amount END) AS ni_f, SUM(CASE WHEN time_view = 'Annual' AND scenario = 'Budget' THEN amount END) AS ni_b FROM kpis WHERE metric = 'Net Income' AND asset_id IN (SELECT asset_id FROM scoped) GROUP BY asset_id), eq AS (SELECT asset_id, SUM(CASE WHEN scenario = 'Annual Forecast' THEN amount END) AS eq_f, SUM(CASE WHEN scenario = 'Annual Budget' THEN amount END) AS eq_b FROM bs_by_region WHERE category = 'Equity' AND asset_id IN (SELECT asset_id FROM scoped) GROUP BY asset_id) SELECT s.asset_id, s.region, s.country, s.sector, ni.ni_f, ni.ni_b, eq.eq_f, eq.eq_b FROM scoped s LEFT JOIN ni ON ni.asset_id = s.asset_id LEFT JOIN eq ON eq.asset_id = s.asset_id ORDER BY s.asset_id",ok,6,,1.8
2026-10-05T02:14:18+00:00,chat,"WITH bridge AS (SELECT attribution_category, MIN(sort_order) AS sort_order, SUM(bridge) AS amount FROM equity_bridge WHERE scenario = :equity_scenario AND attribution_category = :equity_category AND region = :region GROUP BY attribution_category) SELECT attribution_category, amount FROM bridge ORDER BY sort_order",ok,1,,1.7
2026-10-05T02:14:18+00:00,chat,"WITH scoped AS (SELECT asset_id, region, country, sector FROM hierarchy WHERE 1 = 1), balances AS (SELECT scenario, SUM(amount) AS amount FROM bs_by_region WHERE category IN ('Equity', 'Debt', '3rd Party') AND asset_id IN (SELECT asset_id FROM scoped) GROUP BY scenario) SELECT scenario, amount FROM balances",ok,3,,1.6
2026-10-05T02:14:18+00:00,chat,"WITH scoped AS (SELECT asset_id, region, country, sector FROM hierarchy WHERE 1 = 1 AND asset_id = :asset_id), lines AS (SELECT scenario, SUM(amount) AS amount FROM kpis WHERE metric = :metric AND time_view = :time_view AND asset_id IN (SELECT asset_id FROM scoped) GROUP BY scenario) SELECT (SELECT amount FROM lines WHERE scenario = :scenario) AS left_amount, (SELECT amount FROM lines WHERE scenario = 'Budget') AS budget",ok,1,,1.8
2026-10-05T02:14:18+00:00,chat,"WITH bridge AS (SELECT attribution_category, MIN(sort_order) AS sort_order, SUM(bridge) AS amount FROM equity_bridge WHERE scenario = :equity_scenario GROUP BY attribution_category) SELECT attribution_category, amount FROM bridge ORDER BY sort_order",ok,13,,2.2
2026-10-05T02:14:18+00:00,chat,"SELECT h.asset_id, h.country, h.sector, SUM(CASE WHEN time_view = 'YTD' AND scenario = 'Actual' THEN amount END) AS ytd_actual, SUM(CASE WHEN time_view = 'YTD' AND scenario = 'Budget' THEN amount END) AS ytd_budget, SUM(CASE WHEN time_view = 'Annual' AND scenario = 'Forecast' THEN amount END) AS annual_forecast, SUM(CASE WHEN time_view = 'Annual' AND scenario = 'Budget' THEN amount END) AS annual_budget FROM kpis k JOIN hierarchy h ON h.asset_id = k.asset_id WHERE k.metric = 'Net Income' GROUP BY h.asset_id, h.country, h.sector HAVING ytd_actual < ytd_budget AND annual_forecast < annual_budget ORDER BY (annual_forecast - annual_budget)",ok,3,,1.9
2026-10-05T02:14:18+00:00,chat,"SELECT metric, SUM(CASE WHEN scenario = 'Forecast' THEN amount END) AS forecast, SUM(CASE WHEN scenario = 'Budget' THEN amount END) AS budget FROM kpis WHERE time_view = 'Annual' GROUP BY metric ORDER BY (forecast - budget) ASC LIMIT 1",ok,1,,1.5
2026-10-05T02:14:18+00:00,chat,SELECT asset_id FROM hierarchy,ok,6,,1.2
2026-10-05T02:14:18+00:00,chat,"WITH scoped AS (SELECT asset_id, region, country, sector FROM hierarchy WHERE 1 = 1), ni AS (SELECT asset_id, SUM(CASE WHEN time_view = 'Annual' AND scenario = 'Forecast' THEN amount END) AS ni_f, SUM(CASE WHEN time_view = 'Annual' AND scenario = 'Budget' THEN amount END) AS ni_b FROM kpis WHERE metric = 'Net Income' AND asset_id IN (SELECT asset_id FROM scoped) GROUP BY asset_id), eq AS (SELECT asset_id, SUM(CASE WHEN scenario = 'Annual Forecast' THEN amount END) AS eq_f, SUM(CASE WHEN scenario = 'Annual Budget' THEN amount END) AS eq_b FROM bs_by_region WHERE category = 'Equity' AND asset_id IN (SELECT asset_id FROM scoped) GROUP BY asset_id) SELECT s.asset_id, s.region, s.country, s.sector, ni.ni_f, ni.ni_b, eq.eq_f, eq.eq_b FROM scoped s LEFT JOIN ni ON ni.asset_id = s.asset_id LEFT JOIN eq ON eq.asset_id = s.asset_id ORDER BY s.asset_id",ok,6,,2.1
2026-10-05T02:14:18+00:00,chat,"WITH scoped AS (SELECT asset_id, region, country, sector FROM hierarchy WHERE 1 = 1) SELECT COUNT(*) AS n FROM scoped",ok,1,,1.4
2026-10-05T02:14:41+00:00,chat,"WITH scoped AS (SELECT asset_id, region, country, sector FROM hierarchy WHERE 1 = 1 AND asset_id = :asset_id), lines AS (SELECT SUM(amount) AS amount FROM kpis WHERE metric = :metric AND time_view = :time_view AND scenario = :scenario AND asset_id IN (SELECT asset_id FROM scoped)) SELECT amount FROM lines",ok,1,,2.2
2026-10-05T02:14:41+00:00,chat,"WITH scoped AS (SELECT asset_id, region, country, sector FROM hierarchy WHERE 1 = 1 AND country = :country), lines AS (SELECT SUM(amount) AS amount FROM kpis WHERE metric = :metric AND time_view = :time_view AND scenario = :scenario AND asset_id IN (SELECT asset_id FROM scoped)) SELECT amount FROM lines",ok,1,,1.8
2026-10-05T02:14:41+00:00,chat,"WITH scoped AS (SELECT asset_id, region, country, sector FROM hierarchy WHERE 1 = 1 AND region = :region), ni AS (SELECT asset_id, SUM(CASE WHEN time_view = 'Annual' AND scenario = 'Forecast' THEN amount END) AS ni_f, SUM(CASE WHEN time_view = 'Annual' AND scenario = 'Budget' THEN amount END) AS ni_b FROM kpis WHERE metric = 'Net Income' AND asset_id IN (SELECT asset_id FROM scoped) GROUP BY asset_id), eq AS (SELECT asset_id, SUM(CASE WHEN scenario = 'Annual Forecast' THEN amount END) AS eq_f, SUM(CASE WHEN scenario = 'Annual Budget' THEN amount END) AS eq_b FROM bs_by_region WHERE category = 'Equity' AND asset_id IN (SELECT asset_id FROM scoped) GROUP BY asset_id) SELECT s.asset_id, s.region, s.country, s.sector, ni.ni_f, ni.ni_b, eq.eq_f, eq.eq_b FROM scoped s LEFT JOIN ni ON ni.asset_id = s.asset_id LEFT JOIN eq ON eq.asset_id = s.asset_id ORDER BY s.asset_id",ok,1,,1.9
2026-10-05T02:14:41+00:00,chat,"WITH scoped AS (SELECT asset_id, region, country, sector FROM hierarchy WHERE 1 = 1), ni AS (SELECT asset_id, SUM(CASE WHEN time_view = 'Annual' AND scenario = 'Forecast' THEN amount END) AS ni_f, SUM(CASE WHEN time_view = 'Annual' AND scenario = 'Budget' THEN amount END) AS ni_b FROM kpis WHERE metric = 'Net Income' AND asset_id IN (SELECT asset_id FROM scoped) GROUP BY asset_id), eq AS (SELECT asset_id, SUM(CASE WHEN scenario = 'Annual Forecast' THEN amount END) AS eq_f, SUM(CASE WHEN scenario = 'Annual Budget' THEN amount END) AS eq_b FROM bs_by_region WHERE category = 'Equity' AND asset_id IN (SELECT asset_id FROM scoped) GROUP BY asset_id) SELECT s.asset_id, s.region, s.country, s.sector, ni.ni_f, ni.ni_b, eq.eq_f, eq.eq_b FROM scoped s LEFT JOIN ni ON ni.asset_id = s.asset_id LEFT JOIN eq ON eq.asset_id = s.asset_id ORDER BY s.asset_id",ok,6,,2.1
2026-10-05T02:14:42+00:00,chat,"WITH bridge AS (SELECT attribution_category, MIN(sort_order) AS sort_order, SUM(bridge) AS amount FROM equity_bridge WHERE scenario = :equity_scenario AND attribution_category = :equity_category AND region = :region GROUP BY attribution_category) SELECT attribution_category, amount FROM bridge ORDER BY sort_order",ok,1,,1.4
2026-10-05T02:14:42+00:00,chat,"WITH scoped AS (SELECT asset_id, region, country, sector FROM hierarchy WHERE 1 = 1 AND region = :region) SELECT asset_id, region, country, sector FROM scoped ORDER BY asset_id",ok,2,,1.7
2026-10-05T02:14:42+00:00,chat,"WITH scoped AS (SELECT asset_id, region, country, sector FROM hierarchy WHERE 1 = 1), balances AS (SELECT scenario, SUM(amount) AS amount FROM bs_by_region WHERE category IN ('Equity', 'Debt', '3rd Party') AND asset_id IN (SELECT asset_id FROM scoped) GROUP BY scenario) SELECT scenario, amount FROM balances",ok,3,,1.6
2026-10-05T02:14:42+00:00,chat,"WITH scoped AS (SELECT asset_id, region, country, sector FROM hierarchy WHERE 1 = 1 AND asset_id = :asset_id), lines AS (SELECT scenario, SUM(amount) AS amount FROM kpis WHERE metric = :metric AND time_view = :time_view AND asset_id IN (SELECT asset_id FROM scoped) GROUP BY scenario) SELECT (SELECT amount FROM lines WHERE scenario = :scenario) AS left_amount, (SELECT amount FROM lines WHERE scenario = 'Budget') AS budget",ok,1,,1.8
2026-10-05T02:14:42+00:00,chat,"WITH bridge AS (SELECT attribution_category, MIN(sort_order) AS sort_order, SUM(bridge) AS amount FROM equity_bridge WHERE scenario = :equity_scenario GROUP BY attribution_category) SELECT attribution_category, amount FROM bridge ORDER BY sort_order",ok,13,,1.8
2026-10-05T02:14:42+00:00,chat,"SELECT h.asset_id, h.country, h.sector, SUM(CASE WHEN time_view = 'YTD' AND scenario = 'Actual' THEN amount END) AS ytd_actual, SUM(CASE WHEN time_view = 'YTD' AND scenario = 'Budget' THEN amount END) AS ytd_budget, SUM(CASE WHEN time_view = 'Annual' AND scenario = 'Forecast' THEN amount END) AS annual_forecast, SUM(CASE WHEN time_view = 'Annual' AND scenario = 'Budget' THEN amount END) AS annual_budget FROM kpis k JOIN hierarchy h ON h.asset_id = k.asset_id WHERE k.metric = 'Net Income' GROUP BY h.asset_id, h.country, h.sector HAVING ytd_actual < ytd_budget AND annual_forecast < annual_budget ORDER BY (annual_forecast - annual_budget)",ok,3,,1.6
2026-10-05T02:14:42+00:00,chat,"SELECT metric, SUM(CASE WHEN scenario = 'Forecast' THEN amount END) AS forecast, SUM(CASE WHEN scenario = 'Budget' THEN amount END) AS budget FROM kpis WHERE time_view = 'Annual' GROUP BY metric ORDER BY (forecast - budget) ASC LIMIT 1",ok,1,,1.6
2026-10-05T02:14:42+00:00,chat,SELECT asset_id FROM hierarchy,ok,6,,1.4
2026-10-05T02:14:42+00:00,chat,"WITH scoped AS (SELECT asset_id, region, country, sector FROM hierarchy WHERE 1 = 1), ni AS (SELECT asset_id, SUM(CASE WHEN time_view = 'Annual' AND scenario = 'Forecast' THEN amount END) AS ni_f, SUM(CASE WHEN time_view = 'Annual' AND scenario = 'Budget' THEN amount END) AS ni_b FROM kpis WHERE metric = 'Net Income' AND asset_id IN (SELECT asset_id FROM scoped) GROUP BY asset_id), eq AS (SELECT asset_id, SUM(CASE WHEN scenario = 'Annual Forecast' THEN amount END) AS eq_f, SUM(CASE WHEN scenario = 'Annual Budget' THEN amount END) AS eq_b FROM bs_by_region WHERE category = 'Equity' AND asset_id IN (SELECT asset_id FROM scoped) GROUP BY asset_id) SELECT s.asset_id, s.region, s.country, s.sector, ni.ni_f, ni.ni_b, eq.eq_f, eq.eq_b FROM scoped s LEFT JOIN ni ON ni.asset_id = s.asset_id LEFT JOIN eq ON eq.asset_id = s.asset_id ORDER BY s.asset_id",ok,6,,2.2
2026-10-05T02:14:42+00:00,chat,"WITH scoped AS (SELECT asset_id, region, country, sector FROM hierarchy WHERE 1 = 1) SELECT COUNT(*) AS n FROM scoped",ok,1,,1.3
2026-10-05T02:16:11+00:00,chat,"WITH scoped AS (SELECT asset_id, region, country, sector FROM hierarchy WHERE 1 = 1 AND asset_id = :asset_id), lines AS (SELECT SUM(amount) AS amount FROM kpis WHERE metric = :metric AND time_view = :time_view AND scenario = :scenario AND asset_id IN (SELECT asset_id FROM scoped)) SELECT amount FROM lines",ok,1,,2.5
2026-10-05T02:16:11+00:00,chat,"WITH scoped AS (SELECT asset_id, region, country, sector FROM hierarchy WHERE 1 = 1 AND asset_id = :asset_id), ni AS (SELECT asset_id, SUM(CASE WHEN time_view = 'Annual' AND scenario = 'Forecast' THEN amount END) AS ni_f, SUM(CASE WHEN time_view = 'Annual' AND scenario = 'Budget' THEN amount END) AS ni_b FROM kpis WHERE metric = 'Net Income' AND asset_id IN (SELECT asset_id FROM scoped) GROUP BY asset_id), eq AS (SELECT asset_id, SUM(CASE WHEN scenario = 'Annual Forecast' THEN amount END) AS eq_f, SUM(CASE WHEN scenario = 'Annual Budget' THEN amount END) AS eq_b FROM bs_by_region WHERE category = 'Equity' AND asset_id IN (SELECT asset_id FROM scoped) GROUP BY asset_id) SELECT s.asset_id, s.region, s.country, s.sector, ni.ni_f, ni.ni_b, eq.eq_f, eq.eq_b FROM scoped s LEFT JOIN ni ON ni.asset_id = s.asset_id LEFT JOIN eq ON eq.asset_id = s.asset_id ORDER BY s.asset_id",ok,1,,2.8
2026-10-05T02:16:11+00:00,chat,"WITH scoped AS (SELECT asset_id, region, country, sector FROM hierarchy WHERE 1 = 1 AND asset_id = :asset_id), lines AS (SELECT SUM(amount) AS amount FROM kpis WHERE metric = :metric AND time_view = :time_view AND scenario = :scenario AND asset_id IN (SELECT asset_id FROM scoped)) SELECT amount FROM lines",ok,1,,1.7
2026-10-05T02:16:11+00:00,chat,"WITH scoped AS (SELECT asset_id, region, country, sector FROM hierarchy WHERE 1 = 1 AND asset_id = :asset_id), lines AS (SELECT SUM(amount) AS amount FROM kpis WHERE metric = :metric AND time_view = :time_view AND scenario = :scenario AND asset_id IN (SELECT asset_id FROM scoped)) SELECT amount FROM lines",ok,1,,2.0
2026-10-05T02:16:11+00:00,chat,"WITH scoped AS (SELECT asset_id, region, country, sector FROM hierarchy WHERE 1 = 1 AND asset_id = :asset_id), balances AS (SELECT SUM(amount) AS amount FROM bs_by_region WHERE category = :bs_category AND scenario = :bs_scenario AND asset_id IN (SELECT asset_id FROM scoped)) SELECT amount FROM balances",ok,1,,1.9
2026-10-05T02:16:11+00:00,chat,"WITH scoped AS (SELECT asset_id, region, country, sector FROM hierarchy WHERE 1 = 1 AND asset_id = :asset_id), lines AS (SELECT metric, MIN(metric_sort) AS metric_sort, SUM(CASE WHEN time_view = 'YTD' AND scenario = 'Actual' THEN amount END) AS ytd_actual, SUM(CASE WHEN time_view = 'YTD' AND scenario = 'Budget' THEN amount END) AS ytd_budget, SUM(CASE WHEN time_view = 'Annual' AND scenario = 'Forecast' THEN amount END) AS annual_forecast, SUM(CASE WHEN time_view = 'Annual' AND scenario = 'Budget' THEN amount END) AS annual_budget FROM kpis WHERE asset_id IN (SELECT asset_id FROM scoped) GROUP BY metric) SELECT metric, ytd_actual, ytd_budget, annual_forecast, annual_budget FROM lines ORDER BY metric_sort",ok,11,,1.7
2026-10-05T02:16:11+00:00,chat,"WITH scoped AS (SELECT asset_id, region, country, sector FROM hierarchy WHERE 1 = 1 AND asset_id = :asset_id), lines AS (SELECT SUM(amount) AS amount FROM kpis WHERE metric = :metric AND time_view = :time_view AND scenario = :scenario AND asset_id IN (SELECT asset_id FROM scoped)) SELECT amount FROM lines",ok,1,,1.5
2026-10-05T02:16:11+00:00,chat,"WITH scoped AS (SELECT asset_id, region, country, sector FROM hierarchy WHERE 1 = 1 AND asset_id = :asset_id), ni AS (SELECT asset_id, SUM(CASE WHEN time_view = 'Annual' AND scenario = 'Forecast' THEN amount END) AS ni_f, SUM(CASE WHEN time_view = 'Annual' AND scenario = 'Budget' THEN amount END) AS ni_b FROM kpis WHERE metric = 'Net Income' AND asset_id IN (SELECT asset_id FROM scoped) GROUP BY asset_id), eq AS (SELECT asset_id, SUM(CASE WHEN scenario = 'Annual Forecast' THEN amount END) AS eq_f, SUM(CASE WHEN scenario = 'Annual Budget' THEN amount END) AS eq_b FROM bs_by_region WHERE category = 'Equity' AND asset_id IN (SELECT asset_id FROM scoped) GROUP BY asset_id) SELECT s.asset_id, s.region, s.country, s.sector, ni.ni_f, ni.ni_b, eq.eq_f, eq.eq_b FROM scoped s LEFT JOIN ni ON ni.asset_id = s.asset_id LEFT JOIN eq ON eq.asset_id = s.asset_id ORDER BY s.asset_id",ok,1,,2.3
2026-10-05T02:16:11+00:00,chat,"WITH scoped AS (SELECT asset_id, region, country, sector FROM hierarchy WHERE 1 = 1 AND asset_id = :asset_id), lines AS (SELECT SUM(amount) AS amount FROM kpis WHERE metric = :metric AND time_view = :time_view AND scenario = :scenario AND asset_id IN (SELECT asset_id FROM scoped)) SELECT amount FROM lines",ok,1,,1.4
2026-10-05T02:16:11+00:00,chat,"WITH scoped AS (SELECT asset_id, region, country, sector FROM hierarchy WHERE 1 = 1 AND asset_id = :asset_id), lines AS (SELECT SUM(amount) AS amount FROM kpis WHERE metric = :metric AND time_view = :time_view AND scenario = :scenario AND asset_id IN (SELECT asset_id FROM scoped)) SELECT amount FROM lines",ok,1,,1.7
2026-10-05T02:16:11+00:00,chat,"WITH scoped AS (SELECT asset_id, region, country, sector FROM hierarchy WHERE 1 = 1 AND asset_id = :asset_id), balances AS (SELECT SUM(amount) AS amount FROM bs_by_region WHERE category = :bs_category AND scenario = :bs_scenario AND asset_id IN (SELECT asset_id FROM scoped)) SELECT amount FROM balances",ok,1,,1.5
2026-10-05T02:16:11+00:00,chat,"WITH scoped AS (SELECT asset_id, region, country, sector FROM hierarchy WHERE 1 = 1 AND asset_id = :asset_id), lines AS (SELECT metric, MIN(metric_sort) AS metric_sort, SUM(CASE WHEN time_view = 'YTD' AND scenario = 'Actual' THEN amount END) AS ytd_actual, SUM(CASE WHEN time_view = 'YTD' AND scenario = 'Budget' THEN amount END) AS ytd_budget, SUM(CASE WHEN time_view = 'Annual' AND scenario = 'Forecast' THEN amount END) AS annual_forecast, SUM(CASE WHEN time_view = 'Annual' AND scenario = 'Budget' THEN amount END) AS annual_budget FROM kpis WHERE asset_id IN (SELECT asset_id FROM scoped) GROUP BY metric) SELECT metric, ytd_actual, ytd_budget, annual_forecast, annual_budget FROM lines ORDER BY metric_sort",ok,11,,1.9
2026-10-05T02:16:11+00:00,chat,"WITH scoped AS (SELECT asset_id, region, country, sector FROM hierarchy WHERE 1 = 1 AND asset_id = :asset_id), lines AS (SELECT SUM(amount) AS amount FROM kpis WHERE metric = :metric AND time_view = :time_view AND scenario = :scenario AND asset_id IN (SELECT asset_id FROM scoped)) SELECT amount FROM lines",ok,1,,1.7
2026-10-05T02:16:11+00:00,chat,"WITH scoped AS (SELECT asset_id, region, country, sector FROM hierarchy WHERE 1 = 1 AND asset_id = :asset_id), ni AS (SELECT asset_id, SUM(CASE WHEN time_view = 'Annual' AND scenario = 'Forecast' THEN amount END) AS ni_f, SUM(CASE WHEN time_view = 'Annual' AND scenario = 'Budget' THEN amount END) AS ni_b FROM kpis WHERE metric = 'Net Income' AND asset_id IN (SELECT asset_id FROM scoped) GROUP BY asset_id), eq AS (SELECT asset_id, SUM(CASE WHEN scenario = 'Annual Forecast' THEN amount END) AS eq_f, SUM(CASE WHEN scenario = 'Annual Budget' THEN amount END) AS eq_b FROM bs_by_region WHERE category = 'Equity' AND asset_id IN (SELECT asset_id FROM scoped) GROUP BY asset_id) SELECT s.asset_id, s.region, s.country, s.sector, ni.ni_f, ni.ni_b, eq.eq_f, eq.eq_b FROM scoped s LEFT JOIN ni ON ni.asset_id = s.asset_id LEFT JOIN eq ON eq.asset_id = s.asset_id ORDER BY s.asset_id",ok,1,,2.1
2026-10-05T02:16:11+00:00,chat,"WITH scoped AS (SELECT asset_id, region, country, sector FROM hierarchy WHERE 1 = 1 AND asset_id = :asset_id), lines AS (SELECT SUM(amount) AS amount FROM kpis WHERE metric = :metric AND time_view = :time_view AND scenario = :scenario AND asset_id IN (SELECT asset_id FROM scoped)) SELECT amount FROM lines",ok,1,,1.7
2026-10-05T02:16:11+00:00,chat,"WITH scoped AS (SELECT asset_id, region, country, sector FROM hierarchy WHERE 1 = 1 AND asset_id = :asset_id), lines AS (SELECT SUM(amount) AS amount FROM kpis WHERE metric = :metric AND time_view = :time_view AND scenario = :scenario AND asset_id IN (SELECT asset_id FROM scoped)) SELECT amount FROM lines",ok,1,,1.4
2026-10-05T02:16:11+00:00,chat,"WITH scoped AS (SELECT asset_id, region, country, sector FROM hierarchy WHERE 1 = 1 AND asset_id = :asset_id), balances AS (SELECT SUM(amount) AS amount FROM bs_by_region WHERE category = :bs_category AND scenario = :bs_scenario AND asset_id IN (SELECT asset_id FROM scoped)) SELECT amount FROM balances",ok,1,,1.7
2026-10-05T02:16:11+00:00,chat,"WITH scoped AS (SELECT asset_id, region, country, sector FROM hierarchy WHERE 1 = 1 AND asset_id = :asset_id), lines AS (SELECT metric, MIN(metric_sort) AS metric_sort, SUM(CASE WHEN time_view = 'YTD' AND scenario = 'Actual' THEN amount END) AS ytd_actual, SUM(CASE WHEN time_view = 'YTD' AND scenario = 'Budget' THEN amount END) AS ytd_budget, SUM(CASE WHEN time_view = 'Annual' AND scenario = 'Forecast' THEN amount END) AS annual_forecast, SUM(CASE WHEN time_view = 'Annual' AND scenario = 'Budget' THEN amount END) AS annual_budget FROM kpis WHERE asset_id IN (SELECT asset_id FROM scoped) GROUP BY metric) SELECT metric, ytd_actual, ytd_budget, annual_forecast, annual_budget FROM lines ORDER BY metric_sort",ok,11,,2.1
2026-10-05T02:16:11+00:00,chat,"WITH scoped AS (SELECT asset_id, region, country, sector FROM hierarchy WHERE 1 = 1 AND asset_id = :asset_id), lines AS (SELECT SUM(amount) AS amount FROM kpis WHERE metric = :metric AND time_view = :time_view AND scenario = :scenario AND asset_id IN (SELECT asset_id FROM scoped)) SELECT amount FROM lines",ok,1,,1.8
2026-10-05T02:16:11+00:00,chat,"WITH scoped AS (SELECT asset_id, region, country, sector FROM hierarchy WHERE 1 = 1 AND asset_id = :asset_id), ni AS (SELECT asset_id, SUM(CASE WHEN time_view = 'Annual' AND scenario = 'Forecast' THEN amount END) AS ni_f, SUM(CASE WHEN time_view = 'Annual' AND scenario = 'Budget' THEN amount END) AS ni_b FROM kpis WHERE metric = 'Net Income' AND asset_id IN (SELECT asset_id FROM scoped) GROUP BY asset_id), eq AS (SELECT asset_id, SUM(CASE WHEN scenario = 'Annual Forecast' THEN amount END) AS eq_f, SUM(CASE WHEN scenario = 'Annual Budget' THEN amount END) AS eq_b FROM bs_by_region WHERE category = 'Equity' AND asset_id IN (SELECT asset_id FROM scoped) GROUP BY asset_id) SELECT s.asset_id, s.region, s.country, s.sector, ni.ni_f, ni.ni_b, eq.eq_f, eq.eq_b FROM scoped s LEFT JOIN ni ON ni.asset_id = s.asset_id LEFT JOIN eq ON eq.asset_id = s.asset_id ORDER BY s.asset_id",ok,1,,2.3
2026-10-05T02:16:11+00:00,chat,"WITH scoped AS (SELECT asset_id, region, country, sector FROM hierarchy WHERE 1 = 1 AND asset_id = :asset_id), lines AS (SELECT SUM(amount) AS amount FROM kpis WHERE metric = :metric AND time_view = :time_view AND scenario = :scenario AND asset_id IN (SELECT asset_id FROM scoped)) SELECT amount FROM lines",ok,1,,1.5
2026-10-05T02:16:11+00:00,chat,"WITH scoped AS (SELECT asset_id, region, country, sector FROM hierarchy WHERE 1 = 1 AND asset_id = :asset_id), lines AS (SELECT SUM(amount) AS amount FROM kpis WHERE metric = :metric AND time_view = :time_view AND scenario = :scenario AND asset_id IN (SELECT asset_id FROM scoped)) SELECT amount FROM lines",ok,1,,1.5
2026-10-05T02:16:11+00:00,chat,"WITH scoped AS (SELECT asset_id, region, country, sector FROM hierarchy WHERE 1 = 1 AND asset_id = :asset_id), balances AS (SELECT SUM(amount) AS amount FROM bs_by_region WHERE category = :bs_category AND scenario = :bs_scenario AND asset_id IN (SELECT asset_id FROM scoped)) SELECT amount FROM balances",ok,1,,2.0
2026-10-05T02:16:11+00:00,chat,"WITH scoped AS (SELECT asset_id, region, country, sector FROM hierarchy WHERE 1 = 1 AND asset_id = :asset_id), lines AS (SELECT metric, MIN(metric_sort) AS metric_sort, SUM(CASE WHEN time_view = 'YTD' AND scenario = 'Actual' THEN amount END) AS ytd_actual, SUM(CASE WHEN time_view = 'YTD' AND scenario = 'Budget' THEN amount END) AS ytd_budget, SUM(CASE WHEN time_view = 'Annual' AND scenario = 'Forecast' THEN amount END) AS annual_forecast, SUM(CASE WHEN time_view = 'Annual' AND scenario = 'Budget' THEN amount END) AS annual_budget FROM kpis WHERE asset_id IN (SELECT asset_id FROM scoped) GROUP BY metric) SELECT metric, ytd_actual, ytd_budget, annual_forecast, annual_budget FROM lines ORDER BY metric_sort",ok,11,,1.8
2026-10-05T02:16:11+00:00,chat,"WITH scoped AS (SELECT asset_id, region, country, sector FROM hierarchy WHERE 1 = 1 AND asset_id = :asset_id), lines AS (SELECT SUM(amount) AS amount FROM kpis WHERE metric = :metric AND time_view = :time_view AND scenario = :scenario AND asset_id IN (SELECT asset_id FROM scoped)) SELECT amount FROM lines",ok,1,,1.7
2026-10-05T02:16:11+00:00,chat,"WITH scoped AS (SELECT asset_id, region, country, sector FROM hierarchy WHERE 1 = 1 AND asset_id = :asset_id), ni AS (SELECT asset_id, SUM(CASE WHEN time_view = 'Annual' AND scenario = 'Forecast' THEN amount END) AS ni_f, SUM(CASE WHEN time_view = 'Annual' AND scenario = 'Budget' THEN amount END) AS ni_b FROM kpis WHERE metric = 'Net Income' AND asset_id IN (SELECT asset_id FROM scoped) GROUP BY asset_id), eq AS (SELECT asset_id, SUM(CASE WHEN scenario = 'Annual Forecast' THEN amount END) AS eq_f, SUM(CASE WHEN scenario = 'Annual Budget' THEN amount END) AS eq_b FROM bs_by_region WHERE category = 'Equity' AND asset_id IN (SELECT asset_id FROM scoped) GROUP BY asset_id) SELECT s.asset_id, s.region, s.country, s.sector, ni.ni_f, ni.ni_b, eq.eq_f, eq.eq_b FROM scoped s LEFT JOIN ni ON ni.asset_id = s.asset_id LEFT JOIN eq ON eq.asset_id = s.asset_id ORDER BY s.asset_id",ok,1,,2.4
2026-10-05T02:16:12+00:00,chat,"WITH scoped AS (SELECT asset_id, region, country, sector FROM hierarchy WHERE 1 = 1 AND asset_id = :asset_id), lines AS (SELECT SUM(amount) AS amount FROM kpis WHERE metric = :metric AND time_view = :time_view AND scenario = :scenario AND asset_id IN (SELECT asset_id FROM scoped)) SELECT amount FROM lines",ok,1,,1.5
2026-10-05T02:16:12+00:00,chat,"WITH scoped AS (SELECT asset_id, region, country, sector FROM hierarchy WHERE 1 = 1 AND asset_id = :asset_id), lines AS (SELECT SUM(amount) AS amount FROM kpis WHERE metric = :metric AND time_view = :time_view AND scenario = :scenario AND asset_id IN (SELECT asset_id FROM scoped)) SELECT amount FROM lines",ok,1,,1.8
2026-10-05T02:16:12+00:00,chat,"WITH scoped AS (SELECT asset_id, region, country, sector FROM hierarchy WHERE 1 = 1 AND asset_id = :asset_id), balances AS (SELECT SUM(amount) AS amount FROM bs_by_region WHERE category = :bs_category AND scenario = :bs_scenario AND asset_id IN (SELECT asset_id FROM scoped)) SELECT amount FROM balances",ok,1,,2.2
2026-10-05T02:16:12+00:00,chat,"WITH scoped AS (SELECT asset_id, region, country, sector FROM hierarchy WHERE 1 = 1 AND asset_id = :asset_id), lines AS (SELECT metric, MIN(metric_sort) AS metric_sort, SUM(CASE WHEN time_view = 'YTD' AND scenario = 'Actual' THEN amount END) AS ytd_actual, SUM(CASE WHEN time_view = 'YTD' AND scenario = 'Budget' THEN amount END) AS ytd_budget, SUM(CASE WHEN time_view = 'Annual' AND scenario = 'Forecast' THEN amount END) AS annual_forecast, SUM(CASE WHEN time_view = 'Annual' AND scenario = 'Budget' THEN amount END) AS annual_budget FROM kpis WHERE asset_id IN (SELECT asset_id FROM scoped) GROUP BY metric) SELECT metric, ytd_actual, ytd_budget, annual_forecast, annual_budget FROM lines ORDER BY metric_sort",ok,11,,1.9
2026-10-05T02:16:12+00:00,chat,"WITH scoped AS (SELECT asset_id, region, country, sector FROM hierarchy WHERE 1 = 1 AND asset_id = :asset_id), lines AS (SELECT SUM(amount) AS amount FROM kpis WHERE metric = :metric AND time_view = :time_view AND scenario = :scenario AND asset_id IN (SELECT asset_id FROM scoped)) SELECT amount FROM lines",ok,1,,1.9
2026-10-05T02:16:12+00:00,chat,"WITH scoped AS (SELECT asset_id, region, country, sector FROM hierarchy WHERE 1 = 1 AND asset_id = :asset_id), ni AS (SELECT asset_id, SUM(CASE WHEN time_view = 'Annual' AND scenario = 'Forecast' THEN amount END) AS ni_f, SUM(CASE WHEN time_view = 'Annual' AND scenario = 'Budget' THEN amount END) AS ni_b FROM kpis WHERE metric = 'Net Income' AND asset_id IN (SELECT asset_id FROM scoped) GROUP BY asset_id), eq AS (SELECT asset_id, SUM(CASE WHEN scenario = 'Annual Forecast' THEN amount END) AS eq_f, SUM(CASE WHEN scenario = 'Annual Budget' THEN amount END) AS eq_b FROM bs_by_region WHERE category = 'Equity' AND asset_id IN (SELECT asset_id FROM scoped) GROUP BY asset_id) SELECT s.asset_id, s.region, s.country, s.sector, ni.ni_f, ni.ni_b, eq.eq_f, eq.eq_b FROM scoped s LEFT JOIN ni ON ni.asset_id = s.asset_id LEFT JOIN eq ON eq.asset_id = s.asset_id ORDER BY s.asset_id",ok,1,,2.4
2026-10-05T02:16:12+00:00,chat,"WITH scoped AS (SELECT asset_id, region, country, sector FROM hierarchy WHERE 1 = 1 AND asset_id = :asset_id), lines AS (SELECT SUM(amount) AS amount FROM kpis WHERE metric = :metric AND time_view = :time_view AND scenario = :scenario AND asset_id IN (SELECT asset_id FROM scoped)) SELECT amount FROM lines",ok,1,,1.8
2026-10-05T02:16:12+00:00,chat,"WITH scoped AS (SELECT asset_id, region, country, sector FROM hierarchy WHERE 1 = 1 AND asset_id = :asset_id), lines AS (SELECT SUM(amount) AS amount FROM kpis WHERE metric = :metric AND time_view = :time_view AND scenario = :scenario AND asset_id IN (SELECT asset_id FROM scoped)) SELECT amount FROM lines",ok,1,,1.7
2026-10-05T02:16:12+00:00,chat,"WITH scoped AS (SELECT asset_id, region, country, sector FROM hierarchy WHERE 1 = 1 AND asset_id = :asset_id), balances AS (SELECT SUM(amount) AS amount FROM bs_by_region WHERE category = :bs_category AND scenario = :bs_scenario AND asset_id IN (SELECT asset_id FROM scoped)) SELECT amount FROM balances",ok,1,,2.0
2026-10-05T02:16:12+00:00,chat,"WITH scoped AS (SELECT asset_id, region, country, sector FROM hierarchy WHERE 1 = 1 AND asset_id = :asset_id), lines AS (SELECT metric, MIN(metric_sort) AS metric_sort, SUM(CASE WHEN time_view = 'YTD' AND scenario = 'Actual' THEN amount END) AS ytd_actual, SUM(CASE WHEN time_view = 'YTD' AND scenario = 'Budget' THEN amount END) AS ytd_budget, SUM(CASE WHEN time_view = 'Annual' AND scenario = 'Forecast' THEN amount END) AS annual_forecast, SUM(CASE WHEN time_view = 'Annual' AND scenario = 'Budget' THEN amount END) AS annual_budget FROM kpis WHERE asset_id IN (SELECT asset_id FROM scoped) GROUP BY metric) SELECT metric, ytd_actual, ytd_budget, annual_forecast, annual_budget FROM lines ORDER BY metric_sort",ok,11,,2.7
2026-10-05T02:16:12+00:00,chat,"WITH scoped AS (SELECT asset_id, region, country, sector FROM hierarchy WHERE 1 = 1 AND region = :region), ni AS (SELECT asset_id, SUM(CASE WHEN time_view = 'Annual' AND scenario = 'Forecast' THEN amount END) AS ni_f, SUM(CASE WHEN time_view = 'Annual' AND scenario = 'Budget' THEN amount END) AS ni_b FROM kpis WHERE metric = 'Net Income' AND asset_id IN (SELECT asset_id FROM scoped) GROUP BY asset_id), eq AS (SELECT asset_id, SUM(CASE WHEN scenario = 'Annual Forecast' THEN amount END) AS eq_f, SUM(CASE WHEN scenario = 'Annual Budget' THEN amount END) AS eq_b FROM bs_by_region WHERE category = 'Equity' AND asset_id IN (SELECT asset_id FROM scoped) GROUP BY asset_id) SELECT s.asset_id, s.region, s.country, s.sector, ni.ni_f, ni.ni_b, eq.eq_f, eq.eq_b FROM scoped s LEFT JOIN ni ON ni.asset_id = s.asset_id LEFT JOIN eq ON eq.asset_id = s.asset_id ORDER BY s.asset_id",ok,3,,2.5
2026-10-05T02:16:12+00:00,chat,"WITH scoped AS (SELECT asset_id, region, country, sector FROM hierarchy WHERE 1 = 1 AND region = :region) SELECT asset_id, region, country, sector FROM scoped ORDER BY asset_id",ok,3,,2.1
2026-10-05T02:16:12+00:00,chat,"WITH bridge AS (SELECT attribution_category, MIN(sort_order) AS sort_order, SUM(bridge) AS amount FROM equity_bridge WHERE scenario = :equity_scenario AND attribution_category = :equity_category AND region = :region GROUP BY attribution_category) SELECT attribution_category, amount FROM bridge ORDER BY sort_order",ok,1,,2.2
2026-10-05T02:16:12+00:00,chat,"WITH scoped AS (SELECT asset_id, region, country, sector FROM hierarchy WHERE 1 = 1 AND region = :region) SELECT COUNT(*) AS n FROM scoped",ok,1,,2.0
2026-10-05T02:16:12+00:00,chat,"WITH scoped AS (SELECT asset_id, region, country, sector FROM hierarchy WHERE 1 = 1 AND region = :region), ni AS (SELECT asset_id, SUM(CASE WHEN time_view = 'Annual' AND scenario = 'Forecast' THEN amount END) AS ni_f, SUM(CASE WHEN time_view = 'Annual' AND scenario = 'Budget' THEN amount END) AS ni_b FROM kpis WHERE metric = 'Net Income' AND asset_id IN (SELECT asset_id FROM scoped) GROUP BY asset_id), eq AS (SELECT asset_id, SUM(CASE WHEN scenario = 'Annual Forecast' THEN amount END) AS eq_f, SUM(CASE WHEN scenario = 'Annual Budget' THEN amount END) AS eq_b FROM bs_by_region WHERE category = 'Equity' AND asset_id IN (SELECT asset_id FROM scoped) GROUP BY asset_id) SELECT s.asset_id, s.region, s.country, s.sector, ni.ni_f, ni.ni_b, eq.eq_f, eq.eq_b FROM scoped s LEFT JOIN ni ON ni.asset_id = s.asset_id LEFT JOIN eq ON eq.asset_id = s.asset_id ORDER BY s.asset_id",ok,1,,2.5
2026-10-05T02:16:12+00:00,chat,"WITH scoped AS (SELECT asset_id, region, country, sector FROM hierarchy WHERE 1 = 1 AND region = :region) SELECT asset_id, region, country, sector FROM scoped ORDER BY asset_id",ok,1,,2.2
2026-10-05T02:16:12+00:00,chat,"WITH bridge AS (SELECT attribution_category, MIN(sort_order) AS sort_order, SUM(bridge) AS amount FROM equity_bridge WHERE scenario = :equity_scenario AND attribution_category = :equity_category AND region = :region GROUP BY attribution_category) SELECT attribution_category, amount FROM bridge ORDER BY sort_order",ok,1,,2.2
2026-10-05T02:16:12+00:00,chat,"WITH scoped AS (SELECT asset_id, region, country, sector FROM hierarchy WHERE 1 = 1 AND region = :region) SELECT COUNT(*) AS n FROM scoped",ok,1,,2.1
2026-10-05T02:16:12+00:00,chat,"WITH scoped AS (SELECT asset_id, region, country, sector FROM hierarchy WHERE 1 = 1 AND region = :region), ni AS (SELECT asset_id, SUM(CASE WHEN time_view = 'Annual' AND scenario = 'Forecast' THEN amount END) AS ni_f, SUM(CASE WHEN time_view = 'Annual' AND scenario = 'Budget' THEN amount END) AS ni_b FROM kpis WHERE metric = 'Net Income' AND asset_id IN (SELECT asset_id FROM scoped) GROUP BY asset_id), eq AS (SELECT asset_id, SUM(CASE WHEN scenario = 'Annual Forecast' THEN amount END) AS eq_f, SUM(CASE WHEN scenario = 'Annual Budget' THEN amount END) AS eq_b FROM bs_by_region WHERE category = 'Equity' AND asset_id IN (SELECT asset_id FROM scoped) GROUP BY asset_id) SELECT s.asset_id, s.region, s.country, s.sector, ni.ni_f, ni.ni_b, eq.eq_f, eq.eq_b FROM scoped s LEFT JOIN ni ON ni.asset_id = s.asset_id LEFT JOIN eq ON eq.asset_id = s.asset_id ORDER BY s.asset_id",ok,2,,2.4
2026-10-05T02:16:12+00:00,chat,"WITH scoped AS (SELECT asset_id, region, country, sector FROM hierarchy WHERE 1 = 1 AND region = :region) SELECT asset_id, region, country, sector FROM scoped ORDER BY asset_id",ok,2,,1.6
2026-10-05T02:16:12+00:00,chat,"WITH bridge AS (SELECT attribution_category, MIN(sort_order) AS sort_order, SUM(bridge) AS amount FROM equity_bridge WHERE scenario = :equity_scenario AND attribution_category = :equity_category AND region = :region GROUP BY attribution_category) SELECT attribution_category, amount FROM bridge ORDER BY sort_order",ok,1,,2.0
2026-10-05T02:16:12+00:00,chat,"WITH scoped AS (SELECT asset_id, region, country, sector FROM hierarchy WHERE 1 = 1 AND region = :region) SELECT COUNT(*) AS n FROM scoped",ok,1,,1.6
2026-10-05T02:16:12+00:00,chat,"WITH scoped AS (SELECT asset_id, region, country, sector FROM hierarchy WHERE 1 = 1 AND country = :country), lines AS (SELECT SUM(amount) AS amount FROM kpis WHERE metric = :metric AND time_view = :time_view AND scenario = :scenario AND asset_id IN (SELECT asset_id FROM scoped)) SELECT amount FROM lines",ok,1,,1.8
2026-10-05T02:16:12+00:00,chat,"WITH scoped AS (SELECT asset_id, region, country, sector FROM hierarchy WHERE 1 = 1 AND country = :country), lines AS (SELECT SUM(amount) AS amount FROM kpis WHERE metric = :metric AND time_view = :time_view AND scenario = :scenario AND asset_id IN (SELECT asset_id FROM scoped)) SELECT amount FROM lines",ok,1,,1.8
2026-10-05T02:16:12+00:00,chat,"WITH scoped AS (SELECT asset_id, region, country, sector FROM hierarchy WHERE 1 = 1 AND country = :country), lines AS (SELECT SUM(amount) AS amount FROM kpis WHERE metric = :metric AND time_view = :time_view AND scenario = :scenario AND asset_id IN (SELECT asset_id FROM scoped)) SELECT amount FROM lines",ok,1,,1.6
2026-10-05T02:16:12+00:00,chat,"WITH scoped AS (SELECT asset_id, region, country, sector FROM hierarchy WHERE 1 = 1 AND country = :country), lines AS (SELECT SUM(amount) AS amount FROM kpis WHERE metric = :metric AND time_view = :time_view AND scenario = :scenario AND asset_id IN (SELECT asset_id FROM scoped)) SELECT amount FROM lines",ok,1,,1.9
2026-10-05T02:16:12+00:00,chat,"WITH scoped AS (SELECT asset_id, region, country, sector FROM hierarchy WHERE 1 = 1 AND country = :country), lines AS (SELECT SUM(amount) AS amount FROM kpis WHERE metric = :metric AND time_view = :time_view AND scenario = :scenario AND asset_id IN (SELECT asset_id FROM scoped)) SELECT amount FROM lines",ok,1,,1.6
2026-10-05T02:16:12+00:00,chat,"WITH scoped AS (SELECT asset_id, region, country, sector FROM hierarchy WHERE 1 = 1 AND sector = :sector), ni AS (SELECT asset_id, SUM(CASE WHEN time_view = 'Annual' AND scenario = 'Forecast' THEN amount END) AS ni_f, SUM(CASE WHEN time_view = 'Annual' AND scenario = 'Budget' THEN amount END) AS ni_b FROM kpis WHERE metric = 'Net Income' AND asset_id IN (SELECT asset_id FROM scoped) GROUP BY asset_id), eq AS (SELECT asset_id, SUM(CASE WHEN scenario = 'Annual Forecast' THEN amount END) AS eq_f, SUM(CASE WHEN scenario = 'Annual Budget' THEN amount END) AS eq_b FROM bs_by_region WHERE category = 'Equity' AND asset_id IN (SELECT asset_id FROM scoped) GROUP BY asset_id) SELECT s.asset_id, s.region, s.country, s.sector, ni.ni_f, ni.ni_b, eq.eq_f, eq.eq_b FROM scoped s LEFT JOIN ni ON ni.asset_id = s.asset_id LEFT JOIN eq ON eq.asset_id = s.asset_id ORDER BY s.asset_id",ok,2,,2.3
2026-10-05T02:16:12+00:00,chat,"WITH scoped AS (SELECT asset_id, region, country, sector FROM hierarchy WHERE 1 = 1 AND sector = :sector), ni AS (SELECT asset_id, SUM(CASE WHEN time_view = 'Annual' AND scenario = 'Forecast' THEN amount END) AS ni_f, SUM(CASE WHEN time_view = 'Annual' AND scenario = 'Budget' THEN amount END) AS ni_b FROM kpis WHERE metric = 'Net Income' AND asset_id IN (SELECT asset_id FROM scoped) GROUP BY asset_id), eq AS (SELECT asset_id, SUM(CASE WHEN scenario = 'Annual Forecast' THEN amount END) AS eq_f, SUM(CASE WHEN scenario = 'Annual Budget' THEN amount END) AS eq_b FROM bs_by_region WHERE category = 'Equity' AND asset_id IN (SELECT asset_id FROM scoped) GROUP BY asset_id) SELECT s.asset_id, s.region, s.country, s.sector, ni.ni_f, ni.ni_b, eq.eq_f, eq.eq_b FROM scoped s LEFT JOIN ni ON ni.asset_id = s.asset_id LEFT JOIN eq ON eq.asset_id = s.asset_id ORDER BY s.asset_id",ok,1,,2.3
2026-10-05T02:16:12+00:00,chat,"WITH scoped AS (SELECT asset_id, region, country, sector FROM hierarchy WHERE 1 = 1 AND sector = :sector), ni AS (SELECT asset_id, SUM(CASE WHEN time_view = 'Annual' AND scenario = 'Forecast' THEN amount END) AS ni_f, SUM(CASE WHEN time_view = 'Annual' AND scenario = 'Budget' THEN amount END) AS ni_b FROM kpis WHERE metric = 'Net Income' AND asset_id IN (SELECT asset_id FROM scoped) GROUP BY asset_id), eq AS (SELECT asset_id, SUM(CASE WHEN scenario = 'Annual Forecast' THEN amount END) AS eq_f, SUM(CASE WHEN scenario = 'Annual Budget' THEN amount END) AS eq_b FROM bs_by_region WHERE category = 'Equity' AND asset_id IN (SELECT asset_id FROM scoped) GROUP BY asset_id) SELECT s.asset_id, s.region, s.country, s.sector, ni.ni_f, ni.ni_b, eq.eq_f, eq.eq_b FROM scoped s LEFT JOIN ni ON ni.asset_id = s.asset_id LEFT JOIN eq ON eq.asset_id = s.asset_id ORDER BY s.asset_id",ok,1,,2.3
2026-10-05T02:16:12+00:00,chat,"WITH scoped AS (SELECT asset_id, region, country, sector FROM hierarchy WHERE 1 = 1 AND sector = :sector), ni AS (SELECT asset_id, SUM(CASE WHEN time_view = 'Annual' AND scenario = 'Forecast' THEN amount END) AS ni_f, SUM(CASE WHEN time_view = 'Annual' AND scenario = 'Budget' THEN amount END) AS ni_b FROM kpis WHERE metric = 'Net Income' AND asset_id IN (SELECT asset_id FROM scoped) GROUP BY asset_id), eq AS (SELECT asset_id, SUM(CASE WHEN scenario = 'Annual Forecast' THEN amount END) AS eq_f, SUM(CASE WHEN scenario = 'Annual Budget' THEN amount END) AS eq_b FROM bs_by_region WHERE category = 'Equity' AND asset_id IN (SELECT asset_id FROM scoped) GROUP BY asset_id) SELECT s.asset_id, s.region, s.country, s.sector, ni.ni_f, ni.ni_b, eq.eq_f, eq.eq_b FROM scoped s LEFT JOIN ni ON ni.asset_id = s.asset_id LEFT JOIN eq ON eq.asset_id = s.asset_id ORDER BY s.asset_id",ok,1,,2.1
2026-10-05T02:16:12+00:00,chat,"WITH scoped AS (SELECT asset_id, region, country, sector FROM hierarchy WHERE 1 = 1 AND sector = :sector), ni AS (SELECT asset_id, SUM(CASE WHEN time_view = 'Annual' AND scenario = 'Forecast' THEN amount END) AS ni_f, SUM(CASE WHEN time_view = 'Annual' AND scenario = 'Budget' THEN amount END) AS ni_b FROM kpis WHERE metric = 'Net Income' AND asset_id IN (SELECT asset_id FROM scoped) GROUP BY asset_id), eq AS (SELECT asset_id, SUM(CASE WHEN scenario = 'Annual Forecast' THEN amount END) AS eq_f, SUM(CASE WHEN scenario = 'Annual Budget' THEN amount END) AS eq_b FROM bs_by_region WHERE category = 'Equity' AND asset_id IN (SELECT asset_id FROM scoped) GROUP BY asset_id) SELECT s.asset_id, s.region, s.country, s.sector, ni.ni_f, ni.ni_b, eq.eq_f, eq.eq_b FROM scoped s LEFT JOIN ni ON ni.asset_id = s.asset_id LEFT JOIN eq ON eq.asset_id = s.asset_id ORDER BY s.asset_id",ok,1,,2.1
2026-10-05T02:16:12+00:00,chat,"WITH scoped AS (SELECT asset_id, region, country, sector FROM hierarchy WHERE 1 = 1), ni AS (SELECT asset_id, SUM(CASE WHEN time_view = 'Annual' AND scenario = 'Forecast' THEN amount END) AS ni_f, SUM(CASE WHEN time_view = 'Annual' AND scenario = 'Budget' THEN amount END) AS ni_b FROM kpis WHERE metric = 'Net Income' AND asset_id IN (SELECT asset_id FROM scoped) GROUP BY asset_id), eq AS (SELECT asset_id, SUM(CASE WHEN scenario = 'Annual Forecast' THEN amount END) AS eq_f, SUM(CASE WHEN scenario = 'Annual Budget' THEN amount END) AS eq_b FROM bs_by_region WHERE category = 'Equity' AND asset_id IN (SELECT asset_id FROM scoped) GROUP BY asset_id) SELECT s.asset_id, s.region, s.country, s.sector, ni.ni_f, ni.ni_b, eq.eq_f, eq.eq_b FROM scoped s LEFT JOIN ni ON ni.asset_id = s.asset_id LEFT JOIN eq ON eq.asset_id = s.asset_id ORDER BY s.asset_id",ok,6,,1.9
2026-10-05T02:16:12+00:00,chat,"WITH scoped AS (SELECT asset_id, region, country, sector FROM hierarchy WHERE 1 = 1), ni AS (SELECT asset_id, SUM(CASE WHEN time_view = 'Annual' AND scenario = 'Forecast' THEN amount END) AS ni_f, SUM(CASE WHEN time_view = 'Annual' AND scenario = 'Budget' THEN amount END) AS ni_b FROM kpis WHERE metric = 'Net Income' AND asset_id IN (SELECT asset_id FROM scoped) GROUP BY asset_id), eq AS (SELECT asset_id, SUM(CASE WHEN scenario = 'Annual Forecast' THEN amount END) AS eq_f, SUM(CASE WHEN scenario = 'Annual Budget' THEN amount END) AS eq_b FROM bs_by_region WHERE category = 'Equity' AND asset_id IN (SELECT asset_id FROM scoped) GROUP BY asset_id) SELECT s.asset_id, s.region, s.country, s.sector, ni.ni_f, ni.ni_b, eq.eq_f, eq.eq_b FROM scoped s LEFT JOIN ni ON ni.asset_id = s.asset_id LEFT JOIN eq ON eq.asset_id = s.asset_id ORDER BY s.asset_id",ok,6,,2.2
2026-10-05T02:16:12+00:00,chat,"WITH scoped AS (SELECT asset_id, region, country, sector FROM hierarchy WHERE 1 = 1), ni AS (SELECT asset_id, SUM(CASE WHEN time_view = 'Annual' AND scenario = 'Forecast' THEN amount END) AS ni_f, SUM(CASE WHEN time_view = 'Annual' AND scenario = 'Budget' THEN amount END) AS ni_b FROM kpis WHERE metric = 'Net Income' AND asset_id IN (SELECT asset_id FROM scoped) GROUP BY asset_id), eq AS (SELECT asset_id, SUM(CASE WHEN scenario = 'Annual Forecast' THEN amount END) AS eq_f, SUM(CASE WHEN scenario = 'Annual Budget' THEN amount END) AS eq_b FROM bs_by_region WHERE category = 'Equity' AND asset_id IN (SELECT asset_id FROM scoped) GROUP BY asset_id) SELECT s.asset_id, s.region, s.country, s.sector, ni.ni_f, ni.ni_b, eq.eq_f, eq.eq_b FROM scoped s LEFT JOIN ni ON ni.asset_id = s.asset_id LEFT JOIN eq ON eq.asset_id = s.asset_id ORDER BY s.asset_id",ok,6,,1.9
2026-10-05T02:16:13+00:00,chat,"WITH scoped AS (SELECT asset_id, region, country, sector FROM hierarchy WHERE 1 = 1), lines AS (SELECT h.asset_id, h.country, h.sector, SUM(CASE WHEN time_view = 'YTD' AND scenario = 'Actual' THEN amount END) AS ytd_actual, SUM(CASE WHEN time_view = 'YTD' AND scenario = 'Budget' THEN amount END) AS ytd_budget, SUM(CASE WHEN time_view = 'Annual' AND scenario = 'Forecast' THEN amount END) AS annual_forecast, SUM(CASE WHEN time_view = 'Annual' AND scenario = 'Budget' THEN amount END) AS annual_budget FROM kpis k JOIN scoped h ON h.asset_id = k.asset_id WHERE k.metric = 'Net Income' GROUP BY h.asset_id, h.country, h.sector) SELECT asset_id, country, sector FROM lines WHERE ytd_actual < ytd_budget AND annual_forecast < annual_budget ORDER BY (annual_forecast - annual_budget)",ok,3,,1.7
2026-10-05T02:16:13+00:00,chat,"WITH scoped AS (SELECT asset_id, region, country, sector FROM hierarchy WHERE 1 = 1), lines AS (SELECT metric, SUM(CASE WHEN scenario = 'Forecast' THEN amount END) AS forecast, SUM(CASE WHEN scenario = 'Budget' THEN amount END) AS budget FROM kpis WHERE time_view = 'Annual' AND asset_id IN (SELECT asset_id FROM scoped) GROUP BY metric) SELECT metric, forecast, budget FROM lines ORDER BY (forecast - budget) ASC LIMIT 1",ok,1,,1.7
2026-10-05T02:16:13+00:00,chat,"WITH scoped AS (SELECT asset_id, region, country, sector FROM hierarchy WHERE 1 = 1), balances AS (SELECT scenario, SUM(amount) AS amount FROM bs_by_region WHERE category IN ('Equity', 'Debt', '3rd Party') AND asset_id IN (SELECT asset_id FROM scoped) GROUP BY scenario) SELECT scenario, amount FROM balances",ok,3,,2.5
2026-10-05T02:16:13+00:00,chat,"WITH bridge AS (SELECT attribution_category, MIN(sort_order) AS sort_order, SUM(bridge) AS amount FROM equity_bridge WHERE scenario = :equity_scenario AND attribution_category = :equity_category GROUP BY attribution_category) SELECT attribution_category, amount FROM bridge ORDER BY sort_order",ok,1,,2.4
2026-10-05T02:16:13+00:00,chat,"WITH bridge AS (SELECT attribution_category, MIN(sort_order) AS sort_order, SUM(bridge) AS amount FROM equity_bridge WHERE scenario = :equity_scenario GROUP BY attribution_category) SELECT attribution_category, amount FROM bridge ORDER BY sort_order",ok,13,,1.8
2026-10-05T02:18:17+00:00,chat,"WITH bridge AS (SELECT attribution_category, MIN(sort_order) AS sort_order, SUM(bridge) AS amount FROM equity_bridge WHERE scenario = :equity_scenario GROUP BY attribution_category) SELECT attribution_category, amount FROM bridge ORDER BY sort_order",ok,13,,2.3
2026-10-05T02:26:54+00:00,chat,"WITH scoped AS (SELECT asset_id, region, country, sector FROM hierarchy WHERE 1 = 1 AND asset_id = :asset_id), ni AS (SELECT asset_id, SUM(CASE WHEN time_view = 'Annual' AND scenario = 'Forecast' THEN amount END) AS ni_f, SUM(CASE WHEN time_view = 'Annual' AND scenario = 'Budget' THEN amount END) AS ni_b FROM kpis WHERE metric = 'Net Income' AND asset_id IN (SELECT asset_id FROM scoped) GROUP BY asset_id), eq AS (SELECT asset_id, SUM(CASE WHEN scenario = 'Annual Forecast' THEN amount END) AS eq_f, SUM(CASE WHEN scenario = 'Annual Budget' THEN amount END) AS eq_b FROM bs_by_region WHERE category = 'Equity' AND asset_id IN (SELECT asset_id FROM scoped) GROUP BY asset_id) SELECT s.asset_id, s.region, s.country, s.sector, ni.ni_f, ni.ni_b, eq.eq_f, eq.eq_b FROM scoped s LEFT JOIN ni ON ni.asset_id = s.asset_id LEFT JOIN eq ON eq.asset_id = s.asset_id ORDER BY s.asset_id",ok,1,,4.6
2026-10-05T02:27:02+00:00,chat,"WITH scoped AS (SELECT asset_id, region, country, sector FROM hierarchy WHERE 1 = 1), lines AS (SELECT h.asset_id, h.country, h.sector, SUM(CASE WHEN time_view = 'YTD' AND scenario = 'Actual' THEN amount END) AS ytd_actual, SUM(CASE WHEN time_view = 'YTD' AND scenario = 'Budget' THEN amount END) AS ytd_budget, SUM(CASE WHEN time_view = 'Annual' AND scenario = 'Forecast' THEN amount END) AS annual_forecast, SUM(CASE WHEN time_view = 'Annual' AND scenario = 'Budget' THEN amount END) AS annual_budget FROM kpis k JOIN scoped h ON h.asset_id = k.asset_id WHERE k.metric = 'Net Income' GROUP BY h.asset_id, h.country, h.sector) SELECT asset_id, country, sector FROM lines WHERE ytd_actual < ytd_budget AND annual_forecast < annual_budget ORDER BY (annual_forecast - annual_budget)",ok,3,,3.5
2026-10-05T02:27:08+00:00,chat,"WITH scoped AS (SELECT asset_id, region, country, sector FROM hierarchy WHERE 1 = 1 AND asset_id = :asset_id), lines AS (SELECT metric, MIN(metric_sort) AS metric_sort, SUM(CASE WHEN time_view = 'YTD' AND scenario = 'Actual' THEN amount END) AS ytd_actual, SUM(CASE WHEN time_view = 'YTD' AND scenario = 'Budget' THEN amount END) AS ytd_budget, SUM(CASE WHEN time_view = 'Annual' AND scenario = 'Forecast' THEN amount END) AS annual_forecast, SUM(CASE WHEN time_view = 'Annual' AND scenario = 'Budget' THEN amount END) AS annual_budget FROM kpis WHERE asset_id IN (SELECT asset_id FROM scoped) GROUP BY metric) SELECT metric, ytd_actual, ytd_budget, annual_forecast, annual_budget FROM lines ORDER BY metric_sort",ok,11,,4.1
2026-10-05T02:28:09+00:00,chat,"WITH scoped AS (SELECT asset_id, region, country, sector FROM hierarchy WHERE 1 = 1), ni AS (SELECT asset_id, SUM(CASE WHEN time_view = 'Annual' AND scenario = 'Forecast' THEN amount END) AS ni_f, SUM(CASE WHEN time_view = 'Annual' AND scenario = 'Budget' THEN amount END) AS ni_b FROM kpis WHERE metric = 'Net Income' AND asset_id IN (SELECT asset_id FROM scoped) GROUP BY asset_id), eq AS (SELECT asset_id, SUM(CASE WHEN scenario = 'Annual Forecast' THEN amount END) AS eq_f, SUM(CASE WHEN scenario = 'Annual Budget' THEN amount END) AS eq_b FROM bs_by_region WHERE category = 'Equity' AND asset_id IN (SELECT asset_id FROM scoped) GROUP BY asset_id) SELECT s.asset_id, s.region, s.country, s.sector, ni.ni_f, ni.ni_b, eq.eq_f, eq.eq_b FROM scoped s LEFT JOIN ni ON ni.asset_id = s.asset_id LEFT JOIN eq ON eq.asset_id = s.asset_id ORDER BY s.asset_id",ok,6,,3.7
2026-10-05T02:28:16+00:00,chat,"WITH scoped AS (SELECT asset_id, region, country, sector FROM hierarchy WHERE 1 = 1), lines AS (SELECT metric, SUM(CASE WHEN scenario = 'Forecast' THEN amount END) AS forecast, SUM(CASE WHEN scenario = 'Budget' THEN amount END) AS budget FROM kpis WHERE time_view = 'Annual' AND asset_id IN (SELECT asset_id FROM scoped) GROUP BY metric) SELECT metric, forecast, budget FROM lines ORDER BY (forecast - budget) ASC LIMIT 1",ok,1,,3.2
2026-10-05T02:28:28+00:00,chat,"WITH scoped AS (SELECT asset_id, region, country, sector FROM hierarchy WHERE 1 = 1 AND asset_id = :asset_id), balances AS (SELECT SUM(amount) AS amount FROM bs_by_region WHERE category = :bs_category AND scenario = :bs_scenario AND asset_id IN (SELECT asset_id FROM scoped)) SELECT amount FROM balances",ok,1,,3.5
2026-10-05T12:24:56+00:00,sql_tab,"SELECT asset_id, time_view, scenario, amount
FROM kpis
WHERE metric = 'Net Income'
ORDER BY asset_id, time_view, scenario kpis.metric",error,,"(sqlite3.OperationalError) near ""kpis"": syntax error
[SQL: SELECT asset_id, time_view, scenario, amount
FROM kpis
WHERE metric = 'Net Income'
ORDER BY asset_id, time_view, scenario kpis.metric]
(Background on this error at: https://sqlalche.me/e/20/e3q8)",3.1
2026-10-05T12:25:30+00:00,sql_tab,"SELECT asset_id, metric, metric_sort, time_view, scenario, amount
FROM kpis
LIMIT 100",ok,100,,5.1
2026-10-05T12:26:04+00:00,sql_tab,"SELECT asset_id, time_view, scenario, amount
FROM kpis
WHERE metric = 'Net Income'
ORDER BY asset_id, time_view, scenario",ok,24,,14.2
2026-10-05T12:45:19+00:00,chat,"WITH scoped AS (SELECT asset_id, region, country, sector FROM hierarchy WHERE 1 = 1 AND asset_id = :asset_id), lines AS (SELECT SUM(amount) AS amount FROM kpis WHERE metric = :metric AND time_view = :time_view AND scenario = :scenario AND asset_id IN (SELECT asset_id FROM scoped)) SELECT amount FROM lines",ok,1,,4.9
2026-10-05T12:45:29+00:00,chat,"WITH bridge AS (SELECT attribution_category, MIN(sort_order) AS sort_order, SUM(bridge) AS amount FROM equity_bridge WHERE scenario = :equity_scenario GROUP BY attribution_category) SELECT attribution_category, amount FROM bridge ORDER BY sort_order",ok,13,,10.2
2026-10-05T12:45:56+00:00,chat,"WITH bridge AS (SELECT attribution_category, MIN(sort_order) AS sort_order, SUM(bridge) AS amount FROM equity_bridge WHERE scenario = :equity_scenario AND attribution_category = :equity_category AND region = :region GROUP BY attribution_category) SELECT attribution_category, amount FROM bridge ORDER BY sort_order",ok,1,,9.4
2026-10-05T13:09:19+00:00,chat,"WITH scoped AS (SELECT asset_id, region, country, sector FROM hierarchy WHERE 1 = 1), totals AS (SELECT SUM(CASE WHEN time_view = 'YTD' AND scenario = 'Actual' THEN amount END) AS ytd_actual, SUM(CASE WHEN time_view = 'YTD' AND scenario = 'Budget' THEN amount END) AS ytd_budget, SUM(CASE WHEN time_view = 'Annual' AND scenario = 'Forecast' THEN amount END) AS annual_forecast, SUM(CASE WHEN time_view = 'Annual' AND scenario = 'Budget' THEN amount END) AS annual_budget FROM kpis WHERE asset_id IN (SELECT asset_id FROM scoped)) SELECT ytd_actual, ytd_budget, annual_forecast, annual_budget FROM totals",ok,1,,2.6
2026-10-05T13:09:19+00:00,chat,"WITH scoped AS (SELECT asset_id, region, country, sector FROM hierarchy WHERE 1 = 1), totals AS (SELECT SUM(CASE WHEN time_view = 'YTD' AND scenario = 'Actual' THEN amount END) AS ytd_actual, SUM(CASE WHEN time_view = 'YTD' AND scenario = 'Budget' THEN amount END) AS ytd_budget, SUM(CASE WHEN time_view = 'Annual' AND scenario = 'Forecast' THEN amount END) AS annual_forecast, SUM(CASE WHEN time_view = 'Annual' AND scenario = 'Budget' THEN amount END) AS annual_budget FROM kpis WHERE asset_id IN (SELECT asset_id FROM scoped)) SELECT ytd_actual, ytd_budget, annual_forecast, annual_budget FROM totals",ok,1,,7.8
2026-10-05T13:09:19+00:00,chat,"WITH scoped AS (SELECT asset_id, region, country, sector FROM hierarchy WHERE 1 = 1 AND asset_id = :asset_id), lines AS (SELECT metric, MIN(metric_sort) AS metric_sort, SUM(CASE WHEN time_view = 'YTD' AND scenario = 'Actual' THEN amount END) AS ytd_actual, SUM(CASE WHEN time_view = 'YTD' AND scenario = 'Budget' THEN amount END) AS ytd_budget, SUM(CASE WHEN time_view = 'Annual' AND scenario = 'Forecast' THEN amount END) AS annual_forecast, SUM(CASE WHEN time_view = 'Annual' AND scenario = 'Budget' THEN amount END) AS annual_budget FROM kpis WHERE asset_id IN (SELECT asset_id FROM scoped) GROUP BY metric) SELECT metric, ytd_actual, ytd_budget, annual_forecast, annual_budget FROM lines ORDER BY metric_sort",ok,11,,3.3
2026-10-05T13:09:19+00:00,chat,"WITH scoped AS (SELECT asset_id, region, country, sector FROM hierarchy WHERE 1 = 1 AND asset_id = :asset_id), lines AS (SELECT scenario, SUM(amount) AS amount FROM kpis WHERE metric = :metric AND time_view = :time_view AND asset_id IN (SELECT asset_id FROM scoped) GROUP BY scenario) SELECT (SELECT amount FROM lines WHERE scenario = :scenario) AS left_amount, (SELECT amount FROM lines WHERE scenario = 'Budget') AS budget",ok,1,,6.9
2026-10-05T13:11:19+00:00,chat,"WITH scoped AS (SELECT asset_id, region, country, sector FROM hierarchy WHERE 1 = 1), totals AS (SELECT SUM(CASE WHEN time_view = 'YTD' AND scenario = 'Actual' THEN amount END) AS ytd_actual, SUM(CASE WHEN time_view = 'YTD' AND scenario = 'Budget' THEN amount END) AS ytd_budget, SUM(CASE WHEN time_view = 'Annual' AND scenario = 'Forecast' THEN amount END) AS annual_forecast, SUM(CASE WHEN time_view = 'Annual' AND scenario = 'Budget' THEN amount END) AS annual_budget FROM kpis WHERE asset_id IN (SELECT asset_id FROM scoped)) SELECT ytd_actual, ytd_budget, annual_forecast, annual_budget FROM totals",ok,1,,6.9
